Year,Biome,T_Treat,CO2,Pot_label,Replicate,Genotype,Vcmax,Jmax,TPU,RMSE,Tleaf_mean,sub.files[],Notes
2023,6,T0,AC,1A,1,A1614_KE07,81.31526655,158.9468331,NA,2.132235041,24.93176402,453,
2023,6,T0,AC,1B,2,A1614_KE07,93.18884302,213.5941942,13.8209615,2.434172764,24.99657692,465,
2023,6,T0,AC,1C,3,A1614_KE07,85.46401124,170.2591311,NA,2.617102405,24.95076253,454,
2023,6,T0,AC,1D,4,A1614_KE07,119.7195892,220.0940289,14.03457948,2.729769323,25.0027,466,
2023,6,T0,AC,1E,5,A1614_KE07,57.66830732,128.434525,NA,3.778360891,25.02446497,455,
2023,6,T0,AC,2A,1,AAC_Brandon,96.87734178,204.2468531,13.90363639,2.086850852,25.03352811,269,
2023,6,T0,AC,2B,2,AAC_Brandon,90.61662848,195.3055193,13.03014636,2.740843625,24.97191106,270,
2023,6,T0,AC,2C,3,AAC_Brandon,98.84079662,193.1394209,12.21281086,0.867556861,24.9988,279,
2023,6,T0,AC,2D,4,AAC_Brandon,90.42579381,185.3769077,12.27978705,1.605644246,24.98787807,271,
2023,6,T0,AC,2E,5,AAC_Brandon,100.6739068,220.1951422,14.68446662,1.898644478,24.95347434,272,
2023,6,T0,AC,3A,1,AAC_Concord,123.3224857,237.6079212,14.07642042,1.713624506,24.99993077,280,
2023,6,T0,AC,3B,2,AAC_Concord,90.95790267,179.3390877,11.85030899,2.014743344,24.97816775,273,
2023,6,T0,AC,3C,3,AAC_Concord,93.02538455,230.4343091,14.45835719,5.146962616,24.91428798,300,
2023,6,T0,AC,3D,4,AAC_Concord,131.872656,291.2142664,16.04904212,3.065852703,24.99866154,314,
2023,6,T0,AC,3E,5,AAC_Concord,87.85752105,183.1576859,NA,3.161196543,24.92823366,274,
2023,6,T0,AC,4A,1,AAC_Goodwin,112.1003436,238.3391516,15.04012479,2.102207955,25.02384615,296,
2023,6,T0,AC,4B,2,AAC_Goodwin,108.4523257,221.6123079,13.54865921,1.661241715,24.99765385,289,
2023,6,T0,AC,4C,3,AAC_Goodwin,108.0349158,224.1938195,13.52066843,1.95247018,24.99867692,290,
2023,6,T0,AC,4D,4,AAC_Goodwin,124.7971778,272.9705181,15.88698725,2.46375166,25.03307692,297,
2023,6,T0,AC,4E,5,AAC_Goodwin,120.3946936,258.7392292,15.31028988,2.171830963,25.00303846,291,
2023,6,T0,AC,5A,1,AAC_Grainland,90.75218499,178.6121281,11.94816746,2.340679264,24.91136463,429,
2023,6,T0,AC,5B,2,AAC_Grainland,96.74632545,195.2859726,12.73268154,2.23537833,24.94323364,430,
2023,6,T0,AC,5C,3,AAC_Grainland,92.72929172,194.4543003,NA,2.359910638,24.93207946,431,
2023,6,T0,AC,5D,4,AAC_Grainland,89.59142784,183.9826783,12.35842699,2.962478508,24.93283477,432,
2023,6,T0,AC,5E,5,AAC_Grainland,87.14588844,171.9040589,11.57989826,2.323197024,24.97064385,433,
2023,6,T0,AC,6A,1,AAC_Hodge,115.071115,237.9589259,13.80460441,1.951676352,24.99782143,257,
2023,6,T0,AC,6B,2,AAC_Hodge,111.0930131,180.7183831,11.72497629,1.804060157,24.98846154,264,
2023,6,T0,AC,6C,3,AAC_Hodge,116.8528504,222.5028961,13.6215102,1.695356716,24.99703077,258,
2023,6,T0,AC,6D,4,AAC_Hodge,118.9866369,241.7400303,14.05317772,2.028255131,24.99792308,259,
2023,6,T0,AC,6E,5,AAC_Hodge,148.9709494,195.8251174,12.51554247,2.300198467,24.99307692,265,
2023,6,T0,AC,7A,1,AAC_Leroy,120.0130896,238.1489503,14.61019497,1.872925842,24.99689231,281,
2023,6,T0,AC,7B,2,AAC_Leroy,87.4368618,178.3696387,11.97296247,2.311045665,24.95385229,275,
2023,6,T0,AC,7C,3,AAC_Leroy,91.48384995,219.6790489,13.83898002,3.493693738,24.92635141,285,
2023,6,T0,AC,7D,4,AAC_Leroy,117.0976222,235.0444892,13.75277685,2.666511306,24.99863333,292,
2023,6,T0,AC,7E,5,AAC_Leroy,129.701704,261.3532141,15.0611988,2.438990606,24.98615385,298,
2023,6,T0,AC,8A,1,AAC_Magnet,114.6843457,225.9535703,13.48285072,2.598418618,24.9933,260,
2023,6,T0,AC,8B,2,AAC_Magnet,135.9485362,177.4092893,11.74620299,1.759789594,24.99615385,266,
2023,6,T0,AC,8C,3,AAC_Magnet,122.9522804,239.4776309,13.79040489,1.312273222,24.99933077,261,
2023,6,T0,AC,8D,4,AAC_Magnet,90.33204935,192.9171774,13.25167157,3.387232895,24.8557525,253,
2023,6,T0,AC,8E,5,AAC_Magnet,94.5928605,228.8034283,15.07860912,2.069240812,24.95140428,276,
2023,6,T0,AC,9A,1,AAC_Prevail,127.5763211,256.6857607,14.76960634,2.306354397,25.00319231,399,
2023,6,T0,AC,9B,2,AAC_Prevail,95.12216319,186.0182668,12.2882086,3.399491092,24.93173247,393,
2023,6,T0,AC,9C,3,AAC_Prevail,92.17434108,213.0460796,13.56737734,4.541847135,24.8712947,286,
2023,6,T0,AC,9D,4,AAC_Prevail,94.09957029,203.2520347,13.86050725,3.412986097,24.9013889,394,
2023,6,T0,AC,9E,5,AAC_Prevail,124.0630124,250.8837642,14.50639826,2.022974478,24.99769231,400,
2023,6,T0,AC,10A,1,AAC_Warman,130.1228051,261.2300996,14.30520954,2.768284494,24.9966,282,
2023,6,T0,AC,10B,2,AAC_Warman,97.61232948,200.8643547,NA,2.404648413,24.96256183,277,
2023,6,T0,AC,10C,3,AAC_Warman,122.7553677,249.1366946,14.81019019,1.586163605,24.99703846,283,
2023,6,T0,AC,10D,4,AAC_Warman,92.32787595,186.1640017,NA,1.994646505,24.94100908,278,
2023,6,T0,AC,10E,5,AAC_Warman,126.4780212,257.5735319,14.54177642,1.842577465,25.00044615,284,
2023,6,T0,AC,11A,1,AAC_Wheatland,118.2003192,247.241549,14.80174041,3.011034322,24.99761538,294,
2023,6,T0,AC,11B,2,AAC_Wheatland,84.44091303,198.1861572,13.4705603,5.999361386,24.93127332,287,
2023,6,T0,AC,11C,3,AAC_Wheatland,83.67888674,214.1144688,13.70204675,7.638572064,24.97752094,288,
2023,6,T0,AC,11D,4,AAC_Wheatland,120.0363746,265.0163919,15.98971647,2.734271407,25.00384615,299,
2023,6,T0,AC,11E,5,AAC_Wheatland,127.9516362,266.7748376,15.06819548,2.817100247,25.00296154,293,
2023,6,T0,AC,12A,1,BW1094,83.00161611,181.5985108,NA,4.247550309,24.93374961,341,
2023,6,T0,AC,12B,2,BW1094,142.7881021,278.7608228,15.92374524,2.124287028,25.01076923,351,
2023,6,T0,AC,12C,3,BW1094,122.0116008,262.8815853,15.02603412,7.19689429,24.99725385,349,
2023,6,T0,AC,12D,4,BW1094,113.0299153,285.8747479,17.11892717,2.893069242,25.05533791,342,
2023,6,T0,AC,12E,5,BW1094,85.52085473,186.2238576,12.90465703,3.15511071,25.0210431,343,
2023,6,T0,AC,13A,1,BW5089,116.9082334,235.5420021,14.47713252,1.320680916,25.00985,295,
2023,6,T0,AC,13B,2,BW5089,114.0621164,235.9679756,14.00016058,2.865716988,25.00166923,315,
2023,6,T0,AC,13C,3,BW5089,84.53966816,193.5671952,12.8481792,3.045053468,25.05762577,301,
2023,6,T0,AC,13D,4,BW5089,126.3994495,263.7443591,15.49233829,2.433710304,25.01307692,321,
2023,6,T0,AC,13E,5,BW5089,82.11821624,192.9235692,12.6650875,3.765605886,24.88292367,302,
2023,6,T0,AC,14A,1,DT2016,86.70091394,180.0707481,12.019762,2.491114206,24.92999488,469,
2023,6,T0,AC,14B,2,DT2016,101.9349421,216.6333831,14.0317101,2.880068818,24.9429402,470,
2023,6,T0,AC,14C,3,DT2016,157.8161186,250.8025178,14.92155329,2.149654959,24.99442308,480,
2023,6,T0,AC,14D,4,DT2016,95.48604051,196.9218306,13.48526119,3.485253267,24.94742188,471,
2023,6,T0,AC,14E,5,DT2016,90.99999178,177.9821467,11.99690759,2.602239642,24.96642832,472,
2023,6,T0,AC,15A,1,DT2030,100.1183023,209.3205801,NA,2.787285502,24.9785815,434,
2023,6,T0,AC,15B,2,DT2030,92.36713545,180.1433799,11.88932665,3.087004099,24.97290538,435,
2023,6,T0,AC,15C,3,DT2030,95.59222288,193.0566171,13.1510088,3.965954355,24.96774219,438,
2023,6,T0,AC,15D,4,DT2030,75.71881017,156.9526296,10.92639909,3.581492544,24.97703648,439,
2023,6,T0,AC,15E,5,DT2030,99.61255772,211.5113983,NA,2.392582164,24.92448983,440,
2023,6,T0,AC,16A,1,HY2136,85.41740241,175.3381043,12.21082355,3.272510836,24.93738849,358,
2023,6,T0,AC,16B,2,HY2136,81.26460712,182.2957447,12.19712299,2.310790053,24.9258103,359,
2023,6,T0,AC,16C,3,HY2136,126.3726048,238.6331704,14.64264458,1.777585916,24.99470769,366,
2023,6,T0,AC,16D,4,HY2136,114.4876836,216.9516545,13.93926491,2.192824034,24.93384615,372,
2023,6,T0,AC,16E,5,HY2136,86.50152686,185.1676177,12.34842597,2.780657491,24.97877576,360,
2023,6,T0,AC,17A,1,PT4002,91.00435078,183.9914589,12.39442665,2.330981283,24.96771284,361,
2023,6,T0,AC,17B,2,PT4002,116.0682524,208.9424336,13.3344321,2.130480601,25.02230769,373,
2023,6,T0,AC,17C,3,PT4002,80.19320895,161.2160865,NA,2.97375581,24.92517163,362,
2023,6,T0,AC,17D,4,PT4002,116.5019136,229.6032197,13.76375875,2.287202505,24.99828462,367,
2023,6,T0,AC,17E,5,PT4002,88.34819419,181.2386057,12.11825815,2.842463117,24.97315583,363,
2023,6,T0,AC,18A,1,Stettler,85.13067357,201.1488273,13.32963608,2.557663198,24.92662562,377,
2023,6,T0,AC,18B,2,Stettler,78.2348019,161.429396,NA,1.973603088,25.01462848,378,
2023,6,T0,AC,18C,3,Stettler,112.9903555,237.9793069,14.10413323,2.143742281,24.99564615,382,
2023,6,T0,AC,18D,4,Stettler,73.96118256,156.3824277,NA,3.014433083,24.97747715,387,
2023,6,T0,AC,18E,5,Stettler,75.23963162,158.1458465,11.18972403,2.273230517,24.95192088,379,
2023,6,T0,AC,19A,1,Strongfield,82.76635559,167.5778537,11.4330304,2.263486384,24.96391076,486,
2023,6,T0,AC,19B,2,Strongfield,89.70913262,183.5728247,12.66749289,4.044999461,24.98089629,502,
2023,6,T0,AC,19C,3,Strongfield,87.17233473,155.3589002,10.13803366,2.749041339,24.99928935,507,
2023,6,T0,AC,19D,4,Strongfield,63.58011145,137.5046836,NA,4.26650529,24.92891943,503,
2023,6,T0,AC,19E,5,Strongfield,133.534704,266.7162632,14.88411012,3.4816261,25.0009945,508,
2023,6,T0,AC,20A,1,Transcend,93.80980844,191.0548656,12.66608862,3.637325257,24.91353094,504,
2023,6,T0,AC,20B,2,Transcend,149.6412487,243.5512935,14.71980224,3.238941929,24.99623849,509,
2023,6,T0,AC,20C,3,Transcend,101.6185533,199.6829308,13.14331449,3.58682619,25.01094437,505,
2023,6,T0,AC,20D,4,Transcend,141.3436527,237.5209594,14.38233737,2.743645197,25.00123036,510,
2023,6,T0,AC,20E,5,Transcend,86.82457792,163.516981,11.08459463,4.749865877,25.00034244,506,
2023,5,T0,EC,1A,1,A1614_KE07,114.9431833,180.766844,11.66222827,2.448006922,24.99930769,463,
2023,5,T0,EC,1B,2,A1614_KE07,81.09472945,161.1168867,NA,2.103181867,24.93689361,456,
2023,5,T0,EC,1C,3,A1614_KE07,85.32881436,177.9093779,NA,2.128576457,24.98414832,457,
2023,5,T0,EC,1D,4,A1614_KE07,82.6779019,154.0941603,10.9866151,2.029523092,24.91190588,473,
2023,5,T0,EC,1E,5,A1614_KE07,124.0295335,199.9601081,12.28357204,2.088325124,25.00185385,481,
2023,5,T0,EC,2A,1,AAC_Brandon,77.20360214,155.5871652,10.71728992,2.283430882,24.9227069,402,
2023,5,T0,EC,2B,2,AAC_Brandon,69.30886551,138.1992357,9.650068711,2.101316427,24.89287332,403,
2023,5,T0,EC,2C,3,AAC_Brandon,94.81456825,191.0168309,11.75980533,1.456284083,25.00126154,417,
2023,5,T0,EC,2D,4,AAC_Brandon,79.89688578,152.4425301,10.3999438,2.706012638,24.90510456,404,
2023,5,T0,EC,2E,5,AAC_Brandon,74.16761082,143.6787619,9.87805876,2.375841388,24.8903411,405,
2023,5,T0,EC,3A,1,AAC_Concord,83.63948841,190.6034821,12.56497607,7.997061926,25.04897417,229,
2023,5,T0,EC,3B,2,AAC_Concord,95.04286756,221.8947972,13.68823693,5.962749237,25.04775088,303,
2023,5,T0,EC,3C,3,AAC_Concord,127.2803299,234.5933203,14.78379059,2.788909897,25.01769231,322,
2023,5,T0,EC,3D,4,AAC_Concord,136.9016164,306.0053022,16.53773917,2.93337219,25.00101538,316,
2023,5,T0,EC,3E,5,AAC_Concord,84.72742619,189.4269222,12.4379508,5.618142913,24.90694169,304,
2023,5,T0,EC,4A,1,AAC_Goodwin,76.04287916,179.4606055,12.49871069,7.183868424,24.94100748,305,
2023,5,T0,EC,4B,2,AAC_Goodwin,120.0178824,234.5606463,14.71731178,2.969798324,25.015,323,
2023,5,T0,EC,4C,3,AAC_Goodwin,68.12609251,155.8789175,10.75238607,6.21585342,24.89583329,306,
2023,5,T0,EC,4D,4,AAC_Goodwin,126.4223369,325.7523618,17.65977112,1.860096057,24.99789231,317,
2023,5,T0,EC,4E,5,AAC_Goodwin,72.30092661,167.3948209,11.3816571,5.987800272,25.04783358,307,
2023,5,T0,EC,5A,1,AAC_Grainland,89.56269978,176.5912368,11.50445528,2.592943904,24.90577786,420,
2023,5,T0,EC,5B,2,AAC_Grainland,79.55929264,162.2466901,NA,4.145625726,24.93315858,421,
2023,5,T0,EC,5C,3,AAC_Grainland,87.06381978,174.3668064,12.13488745,3.473947066,24.94299654,422,
2023,5,T0,EC,5D,4,AAC_Grainland,84.92858128,167.6329169,10.95587713,2.232304688,24.88352541,436,
2023,5,T0,EC,5E,5,AAC_Grainland,93.83347094,196.0510279,12.83880863,2.316249094,24.92096211,437,
2023,5,T0,EC,6A,1,AAC_Hodge,119.2226639,262.2737047,15.42812607,1.72054851,25.001,244,
2023,5,T0,EC,6B,2,AAC_Hodge,87.91624296,205.781523,13.3286481,9.295912957,24.92029394,230,
2023,5,T0,EC,6C,3,AAC_Hodge,144.82851,192.3453079,12.15186648,2.11852545,24.96230769,250,
2023,5,T0,EC,6D,4,AAC_Hodge,94.18873629,231.8800874,14.53100834,8.007712667,25.07369791,231,
2023,5,T0,EC,6E,5,AAC_Hodge,114.2611823,243.6203979,14.66712913,1.571965954,24.99865385,245,
2023,5,T0,EC,7A,1,AAC_Leroy,92.18922026,191.6856497,12.65153237,1.073222396,24.96688318,326,
2023,5,T0,EC,7B,2,AAC_Leroy,121.5201357,248.5239582,14.40818786,2.161666197,25.00145385,334,
2023,5,T0,EC,7C,3,AAC_Leroy,109.8361547,210.8826879,13.59171243,2.475950917,25.00923077,336,
2023,5,T0,EC,7D,4,AAC_Leroy,77.61768942,170.0457901,11.11952264,5.285004618,24.97642149,327,
2023,5,T0,EC,7E,5,AAC_Leroy,116.2015004,242.5386117,14.1217156,2.339749528,25.00106923,335,
2023,5,T0,EC,8A,1,AAC_Magnet,82.59602613,183.8956466,12.08009556,5.99717839,24.97114658,232,
2023,5,T0,EC,8B,2,AAC_Magnet,93.51384702,194.208591,12.71357293,2.480196397,24.89757303,233,
2023,5,T0,EC,8C,3,AAC_Magnet,131.332925,282.406942,16.01321484,1.59930446,25.00240769,242,
2023,5,T0,EC,8D,4,AAC_Magnet,87.62720787,185.8870444,11.89907488,3.111570042,25.04043606,254,
2023,5,T0,EC,8E,5,AAC_Magnet,115.7715014,223.0212059,12.62526238,1.908655604,24.99587692,262,
2023,5,T0,EC,9A,1,AAC_Prevail,116.1925451,216.0695886,12.57428466,2.043652821,24.99943846,396,
2023,5,T0,EC,9B,2,AAC_Prevail,85.78569971,165.8749581,NA,2.608442861,24.91254498,388,
2023,5,T0,EC,9C,3,AAC_Prevail,90.68481094,188.9229231,12.44352163,2.485253795,24.94453063,389,
2023,5,T0,EC,9D,4,AAC_Prevail,119.5462817,259.8924823,15.31506413,3.565396479,24.99067692,401,
2023,5,T0,EC,9E,5,AAC_Prevail,78.71475231,160.630379,NA,2.015172386,24.97385553,395,
2023,5,T0,EC,10A,1,AAC_Warman,141.8283783,175.1320469,10.93399338,2.333481678,24.98846154,267,
2023,5,T0,EC,10B,2,AAC_Warman,95.57651068,201.9084158,13.12442937,4.154658903,24.86630235,255,
2023,5,T0,EC,10C,3,AAC_Warman,92.8931215,206.1004937,12.90116214,3.769600701,24.85478265,256,
2023,5,T0,EC,10D,4,AAC_Warman,131.8793183,252.743971,13.98970529,3.626984252,24.99554615,263,
2023,5,T0,EC,10E,5,AAC_Warman,162.7627839,196.4004192,11.60310018,2.436602445,24.98538462,268,
2023,5,T0,EC,11A,1,AAC_Wheatland,80.52411169,189.0906246,12.50549596,5.068235389,24.9862927,328,
2023,5,T0,EC,11B,2,AAC_Wheatland,110.5117442,215.7151657,13.85112263,1.486962401,25.03230769,337,
2023,5,T0,EC,11C,3,AAC_Wheatland,113.3425598,234.6596415,13.94049781,1.917446493,25.00044615,329,
2023,5,T0,EC,11D,4,AAC_Wheatland,116.0120498,235.2813197,13.99671318,1.993759437,24.99574615,330,
2023,5,T0,EC,11E,5,AAC_Wheatland,113.7405566,223.4595277,14.4377024,2.094021253,25.01846154,338,
2023,5,T0,EC,12A,1,BW1094,134.8478668,271.6548305,15.10084369,3.187815592,25.00136923,331,
2023,5,T0,EC,12B,2,BW1094,126.2894559,233.5819014,14.58170075,2.450684818,25.01538462,339,
2023,5,T0,EC,12C,3,BW1094,118.1250882,224.5142843,13.38311043,2.80860613,25.00049231,332,
2023,5,T0,EC,12D,4,BW1094,118.8738076,219.6650419,14.03908698,2.514433523,25.00923077,340,
2023,5,T0,EC,12E,5,BW1094,124.1652231,250.7959451,14.79147217,3.161453712,25.00257692,333,
2023,5,T0,EC,13A,1,BW5089,105.0256426,206.5708979,12.660856,2.0196156,25.00040769,350,
2023,5,T0,EC,13B,2,BW5089,100.8479611,188.0394951,12.72848674,2.686192187,25.01769231,352,
2023,5,T0,EC,13C,3,BW5089,113.0666085,221.7430216,13.45848499,3.13337468,24.99943077,345,
2023,5,T0,EC,13D,4,BW5089,111.7808511,209.7203017,13.35956631,1.991016237,25.01846154,353,
2023,5,T0,EC,13E,5,BW5089,123.4135213,252.3613351,14.44367388,2.989375193,24.99697692,346,
2023,5,T0,EC,14A,1,DT2016,82.63430412,165.0312093,11.27006355,2.619914666,24.91407365,487,
2023,5,T0,EC,14B,2,DT2016,116.3665474,218.9638718,12.78664571,2.656232181,24.99914615,496,
2023,5,T0,EC,14C,3,DT2016,89.95364306,187.151275,12.45780513,2.329704346,24.88810158,488,
2023,5,T0,EC,14D,4,DT2016,96.98319144,178.282658,10.76864565,1.888242553,25.00475385,497,
2023,5,T0,EC,14E,5,DT2016,79.71753773,161.3084379,10.94697129,2.04874826,24.93776556,489,
2023,5,T0,EC,15A,1,DT2030,94.62107978,212.7350304,14.33866907,3.346978945,24.91571162,441,
2023,5,T0,EC,15B,2,DT2030,84.67685762,169.7093829,NA,3.012802227,24.93882751,442,
2023,5,T0,EC,15C,3,DT2030,97.79766686,199.8979487,13.48370747,2.49676077,25.02724589,443,
2023,5,T0,EC,15D,4,DT2030,91.74053483,198.5237558,NA,2.358232068,24.90842834,444,
2023,5,T0,EC,15E,5,DT2030,93.3046062,198.5444565,12.9486733,2.828670714,24.89531062,445,
2023,5,T0,EC,16A,1,HY2136,132.9602577,194.4507537,13.19604007,2.618934654,25.02076923,354,
2023,5,T0,EC,16B,2,HY2136,123.2801618,194.9666276,12.62640227,3.276016941,24.99966154,347,
2023,5,T0,EC,16C,3,HY2136,70.08690318,142.4473962,10.20592661,2.956691958,24.90809931,344,
2023,5,T0,EC,16D,4,HY2136,98.58560476,186.3025726,11.63044884,2.969161608,24.99899231,368,
2023,5,T0,EC,16E,5,HY2136,95.51856034,172.8585165,11.60380417,2.369967227,24.97692308,374,
2023,5,T0,EC,17A,1,PT4002,77.90994282,164.7525541,NA,2.075068384,24.88489122,357,
2023,5,T0,EC,17B,2,PT4002,94.68150817,180.3802669,11.50472401,1.724761144,24.99277692,369,
2023,5,T0,EC,17C,3,PT4002,71.92848927,142.649862,NA,2.201557864,24.95754051,364,
2023,5,T0,EC,17D,4,PT4002,107.8053636,203.7196873,13.15479512,1.730379221,25.01846154,375,
2023,5,T0,EC,17E,5,PT4002,108.7117651,213.9053973,13.1875515,1.42015013,24.99797143,370,
2023,5,T0,EC,18A,1,Stettler,66.59041182,132.472772,NA,2.352856238,25.01843658,380,
2023,5,T0,EC,18B,2,Stettler,101.2810527,197.2943865,12.29141716,1.473459142,25.00186923,383,
2023,5,T0,EC,18C,3,Stettler,79.49120746,168.7650132,NA,2.137045884,24.94286757,381,
2023,5,T0,EC,18D,4,Stettler,99.54342691,197.4059176,12.35366863,1.304329921,25.00326923,384,
2023,5,T0,EC,18E,5,Stettler,98.4429663,187.7089392,12.19404052,1.739680208,24.98076923,385,
2023,5,T0,EC,19A,1,Strongfield,101.2936935,206.0415414,12.64084214,3.438407169,24.9985744,518,
2023,5,T0,EC,19B,2,Strongfield,80.35454737,168.8892442,11.50291951,3.748335505,24.90611414,511,
2023,5,T0,EC,19C,3,Strongfield,98.77542254,190.7298464,11.88402137,4.342006902,24.99945036,519,
2023,5,T0,EC,19D,4,Strongfield,74.27426876,154.4287315,10.98719889,2.758617658,24.89327475,512,
2023,5,T0,EC,19E,5,Strongfield,73.47676319,152.9159651,10.59987855,3.343345603,24.94095333,513,
2023,5,T0,EC,20A,1,Transcend,115.3848804,224.788583,13.5556083,3.509686381,24.99963734,520,
2023,5,T0,EC,20B,2,Transcend,93.23559062,187.2629401,12.43896634,2.797317177,24.962362,514,
2023,5,T0,EC,20C,3,Transcend,93.23108404,174.3729683,12.22139335,2.873117251,24.99702047,521,
2023,5,T0,EC,20D,4,Transcend,79.27847894,164.1775191,NA,2.784578425,24.92191256,515,
2023,5,T0,EC,20E,5,Transcend,99.08418544,197.5157818,12.125871,5.576740383,25.00027314,522,
2023,4,T4,AC,1A,1,A1614_KE07,80.16382055,149.9612904,NA,2.620093086,24.93308845,474,
2023,4,T4,AC,1B,2,A1614_KE07,82.46137951,,8.399250319,2.67821567,25.00150769,482,
2023,4,T4,AC,1C,3,A1614_KE07,94.85032916,182.4895034,NA,3.530348395,24.95160044,475,
2023,4,T4,AC,1D,4,A1614_KE07,90.26130588,170.5186532,11.45949267,2.551502168,24.91619081,476,
2023,4,T4,AC,1E,5,A1614_KE07,106.3225519,175.1543654,11.14897242,1.933144788,24.99844615,483,
2023,4,T4,AC,2A,1,AAC_Brandon,89.42843755,147.9559738,9.312962258,2.371970079,24.99893077,413,
2023,4,T4,AC,2B,2,AAC_Brandon,71.32445493,115.6555897,8.249016204,1.367561472,24.8956447,406,
2023,4,T4,AC,2C,3,AAC_Brandon,95.0636405,174.2499547,10.68687708,2.629957442,24.99882308,414,
2023,4,T4,AC,2D,4,AAC_Brandon,79.4713308,174.807386,12.18871645,6.356824098,24.89035756,168,
2023,4,T4,AC,2E,5,AAC_Brandon,95.67541049,194.2832706,12.56024903,2.748797801,25.00092308,181,
2023,4,T4,AC,3A,1,AAC_Concord,93.97352958,211.7526743,12.87919029,4.043926402,24.87399905,308,
2023,4,T4,AC,3B,2,AAC_Concord,128.310804,243.7712217,14.42960847,2.004486816,25.01615385,324,
2023,4,T4,AC,3C,3,AAC_Concord,151.5364418,366.8510299,17.9069749,4.163122485,25.00180769,318,
2023,4,T4,AC,3D,4,AAC_Concord,91.03598249,193.4944805,12.26366827,3.547205955,24.93422835,169,
2023,4,T4,AC,3E,5,AAC_Concord,85.37434983,194.1923967,12.06503805,8.538405915,25.00494603,309,
2023,4,T4,AC,4A,1,AAC_Goodwin,72.89031038,166.569126,11.13220484,6.723920444,25.08149733,310,
2023,4,T4,AC,4B,2,AAC_Goodwin,112.6865179,222.7064378,14.34743251,2.229193738,25.01307692,325,
2023,4,T4,AC,4C,3,AAC_Goodwin,81.26294976,205.4237893,13.21614302,14.1077255,25.07830742,311,
2023,4,T4,AC,4D,4,AAC_Goodwin,85.11085624,188.9977773,12.7538314,3.496128888,24.89213003,312,
2023,4,T4,AC,4E,5,AAC_Goodwin,103.9876681,214.3267527,12.73258914,2.775310723,25.00043077,319,
2023,4,T4,AC,5A,1,AAC_Grainland,94.01402527,154.0575345,10.65616969,2.162278323,24.90164375,423,
2023,4,T4,AC,5B,2,AAC_Grainland,91.29273797,149.5724921,10.29931427,1.61072028,24.88139593,424,
2023,4,T4,AC,5C,3,AAC_Grainland,86.56517895,177.7611069,NA,2.582556328,24.92237634,425,
2023,4,T4,AC,5D,4,AAC_Grainland,85.97614498,165.3120182,11.20307417,3.502875487,24.93049959,426,
2023,4,T4,AC,5E,5,AAC_Grainland,88.48321171,198.0606995,13.05635385,2.669297221,24.93236835,427,
2023,4,T4,AC,6A,1,AAC_Hodge,78.44797784,201.1343095,12.55278625,17.61282202,24.93206746,83,
2023,4,T4,AC,6B,2,AAC_Hodge,89.55353868,194.0230325,12.93586746,4.941625642,25.04919897,84,
2023,4,T4,AC,6C,3,AAC_Hodge,109.0733331,227.6566997,13.69141902,2.91232499,24.99487692,96,
2023,4,T4,AC,6D,4,AAC_Hodge,118.6263779,230.3441089,13.45893797,1.88384965,24.99868462,107,
2023,4,T4,AC,6E,5,AAC_Hodge,143.83383,244.2458246,14.77664988,2.674987944,25.04,186,
2023,4,T4,AC,7A,1,AAC_Leroy,97.24842456,205.0195898,13.96935757,4.068423658,24.90530464,170,
2023,4,T4,AC,7B,2,AAC_Leroy,121.5678372,230.4095973,13.40684858,2.721962089,24.99569231,182,
2023,4,T4,AC,7C,3,AAC_Leroy,71.8635026,158.4215345,10.83049848,4.227083495,24.97057043,171,
2023,4,T4,AC,7D,4,AAC_Leroy,84.60582775,169.3680083,11.30592956,3.44936142,24.88605554,172,
2023,4,T4,AC,7E,5,AAC_Leroy,176.5734905,245.5770421,15.07086584,1.985767818,25.01923077,187,
2023,4,T4,AC,8A,1,AAC_Magnet,101.4910035,259.0340056,NA,16.12124239,24.93275302,85,
2023,4,T4,AC,8B,2,AAC_Magnet,89.94483133,213.9767696,13.20109638,11.99442128,25.01005472,86,
2023,4,T4,AC,8C,3,AAC_Magnet,102.5360883,209.1981499,12.61039948,2.14806765,24.99065385,97,
2023,4,T4,AC,8D,4,AAC_Magnet,117.6569717,276.0259829,16.00580836,5.448206792,25.02233301,87,
2023,4,T4,AC,8E,5,AAC_Magnet,142.0946683,298.1126319,15.772962,2.750805839,25.00608462,104,
2023,4,T4,AC,9A,1,AAC_Prevail,,,,,,,Died before heading
2023,4,T4,AC,9B,2,AAC_Prevail,93.93630824,156.9979453,10.05019634,2.133553789,24.91664769,390,
2023,4,T4,AC,9C,3,AAC_Prevail,101.0351944,223.1245003,14.23475139,7.342134592,24.88668319,173,
2023,4,T4,AC,9D,4,AAC_Prevail,105.7472082,214.4851266,13.26238291,4.023258717,24.94439659,391,
2023,4,T4,AC,9E,5,AAC_Prevail,112.3453458,182.4241903,12.61768412,4.882880407,25.05407906,191,
2023,4,T4,AC,10A,1,AAC_Warman,144.2263161,295.8920685,15.82214439,3.246102602,24.99702308,108,
2023,4,T4,AC,10B,2,AAC_Warman,115.0988029,244.7740309,14.48737858,2.640570337,24.99316923,98,
2023,4,T4,AC,10C,3,AAC_Warman,99.11641474,210.4186955,13.68755024,4.874711769,24.99415779,88,
2023,4,T4,AC,10D,4,AAC_Warman,129.7744039,256.891387,14.09976439,3.267400894,24.99999231,195,
2023,4,T4,AC,10E,5,AAC_Warman,177.3942981,251.6841395,13.9079175,2.326615145,24.98,202,
2023,4,T4,AC,11A,1,AAC_Wheatland,143.6680678,255.2391952,14.91835948,2.600002318,24.98230769,188,
2023,4,T4,AC,11B,2,AAC_Wheatland,83.90889028,188.7688912,12.09453673,6.231535528,24.88644723,192,
2023,4,T4,AC,11C,3,AAC_Wheatland,89.81186238,210.0059797,13.48321882,11.24331649,24.93131188,193,
2023,4,T4,AC,11D,4,AAC_Wheatland,133.5494027,265.535547,14.63547284,2.451688496,24.99674615,201,Measured on 6800DAW
2023,4,T4,AC,11D,4,AAC_Wheatland,94.18022844,225.8277357,14.15626733,7.172707999,24.90243762,210,Measured on 6400NPAH
2023,4,T4,AC,11E,5,AAC_Wheatland,167.9359749,227.8616863,13.99492223,2.026789149,25.02692308,203,
2023,4,T4,AC,12A,1,BW1094,81.65787069,181.034142,11.82892165,10.49309664,24.93317509,194,
2023,4,T4,AC,12B,2,BW1094,129.4539006,234.16388,13.53247917,2.285442081,24.99954615,196,
2023,4,T4,AC,12C,3,BW1094,166.4919517,230.250393,12.91231392,3.814171759,25.02307692,204,
2023,4,T4,AC,12D,4,BW1094,136.8229315,264.8195845,14.60908952,2.884678613,24.99194615,197,
2023,4,T4,AC,12E,5,BW1094,153.0748678,302.7417102,15.71873164,3.305780768,24.99612143,183,
2023,4,T4,AC,13A,1,BW5089,133.6438323,220.8104075,13.69625045,2.461247081,25.01384615,205,
2023,4,T4,AC,13B,2,BW5089,110.1119039,215.2888367,12.5254668,2.314782084,24.99796923,198,
2023,4,T4,AC,13C,3,BW5089,128.9722074,216.2369475,13.65457358,1.669046302,25.02,206,
2023,4,T4,AC,13D,4,BW5089,115.632201,219.0202835,12.76786484,2.132696692,25.00188462,199,
2023,4,T4,AC,13E,5,BW5089,118.9249906,227.9720763,13.56625584,2.070427429,25.00116923,200,
2023,4,T4,AC,14A,1,DT2016,90.5248357,168.9852998,11.47725443,3.011992996,24.97122016,490,
2023,4,T4,AC,14B,2,DT2016,122.5748884,196.1535927,13.08692063,2.624272731,24.99677692,498,
2023,4,T4,AC,14C,3,DT2016,93.99982883,178.3212991,11.78622513,3.306735884,24.98117902,491,
2023,4,T4,AC,14D,4,DT2016,93.98670521,184.9415319,12.16750985,2.759345918,24.93737837,492,
2023,4,T4,AC,14E,5,DT2016,127.823236,221.4567243,13.12860511,4.379095855,25.00002308,499,
2023,4,T4,AC,15A,1,DT2030,92.97350422,185.9482277,NA,2.653057081,24.91475179,446,
2023,4,T4,AC,15B,2,DT2030,90.61104231,182.9547057,12.1613529,2.977531003,24.93556859,447,
2023,4,T4,AC,15C,3,DT2030,100.6495331,201.4197518,NA,2.501374602,24.89255186,448,
2023,4,T4,AC,15D,4,DT2030,86.28249223,177.3387245,NA,2.533695138,24.94958819,449,
2023,4,T4,AC,15E,5,DT2030,86.44216109,180.7506271,NA,2.61707179,24.93121441,450,
2023,4,T4,AC,16A,1,HY2136,123.0912404,222.6780338,14.26597077,2.400516549,25.02615385,355,
2023,4,T4,AC,16B,2,HY2136,170.8212033,226.7817764,14.05757635,2.539479223,25.05,207,
2023,4,T4,AC,16C,3,HY2136,88.03332372,185.557811,11.77833805,4.917450979,24.92697184,209,
2023,4,T4,AC,16D,4,HY2136,126.5908441,249.6311461,14.77843714,3.198033501,24.99927692,348,
2023,4,T4,AC,16E,5,HY2136,122.5045944,216.7010141,13.83400547,1.739872033,25.02083333,356,
2023,4,T4,AC,17A,1,PT4002,107.8295013,258.2486793,15.33476136,6.138598623,24.97287396,174,
2023,4,T4,AC,17B,2,PT4002,113.1387537,221.1702151,12.98888518,4.113489206,25.00178462,219,
2023,4,T4,AC,17C,3,PT4002,79.88187069,169.3351738,10.55658346,4.330551212,24.92114302,211,
2023,4,T4,AC,17D,4,PT4002,119.4865677,199.0653628,12.79118527,2.364044839,25.00230769,227,
2023,4,T4,AC,17E,5,PT4002,115.3723742,219.6106859,12.61349558,2.15900135,24.99826923,222,
2023,4,T4,AC,18A,1,Stettler,96.99369366,207.465015,12.6404176,2.441091519,24.92538892,212,
2023,4,T4,AC,18B,2,Stettler,100.6580997,183.4143512,11.64491859,2.260857626,24.99715385,371,
2023,4,T4,AC,18C,3,Stettler,100.3999219,177.9593144,11.75766426,1.824102597,25.02076923,376,
2023,4,T4,AC,18D,4,Stettler,86.51686599,170.3270474,11.94980339,2.967034292,24.91951532,365,
2023,4,T4,AC,18E,5,Stettler,90.17354361,159.4388554,10.18240484,1.632025264,24.97461538,386,
2023,4,T4,AC,19A,1,Strongfield,79.57570735,170.6142762,11.98138373,4.40530527,24.93913944,516,
2023,4,T4,AC,19B,2,Strongfield,129.0766788,196.5623964,12.52917534,6.300808949,24.99515109,523,
2023,4,T4,AC,19C,3,Strongfield,95.73827188,201.0497736,13.42853183,2.885950873,24.95924084,517,
2023,4,T4,AC,19D,4,Strongfield,85.00113097,138.2641567,9.67574191,2.364707366,24.87241496,524,
2023,4,T4,AC,19E,5,Strongfield,84.76000039,160.627643,10.54029094,2.517639694,24.9965468,533,
2023,4,T4,AC,20A,1,Transcend,88.81400637,173.31771,11.73311172,4.837177818,25.00183854,525,
2023,4,T4,AC,20B,2,Transcend,94.90406733,173.6916163,11.11029342,4.542552905,24.99729476,534,
2023,4,T4,AC,20C,3,Transcend,92.85157174,189.7705645,12.54997493,3.992023373,24.87526864,526,
2023,4,T4,AC,20D,4,Transcend,82.7057726,173.7749806,12.20087278,5.097209985,24.90491838,527,
2023,4,T4,AC,20E,5,Transcend,79.34543612,156.4186995,10.12420079,6.391531139,24.99791317,535,
2023,3,T4,EC,1A,1,A1614_KE07,95.56809122,197.4577765,12.39641613,2.844767924,24.94692832,477,
2023,3,T4,EC,1B,2,A1614_KE07,72.79319814,140.8331001,NA,2.65027651,24.93076486,478,
2023,3,T4,EC,1C,3,A1614_KE07,116.9588861,188.6389105,11.98151081,2.595875386,24.99821538,484,
2023,3,T4,EC,1D,4,A1614_KE07,98.56277634,163.2542232,NA,2.97503961,24.92624209,479,
2023,3,T4,EC,1E,5,A1614_KE07,89.52191014,166.2434899,10.28970761,1.81097782,25.00374615,485,
2023,3,T4,EC,2A,1,AAC_Brandon,105.8166778,199.2240404,11.78309718,1.778112102,25.00120769,220,
2023,3,T4,EC,2B,2,AAC_Brandon,94.54942783,191.74034,11.61317485,1.542157164,25.00346923,221,
2023,3,T4,EC,2C,3,AAC_Brandon,84.98950487,176.061711,10.42084075,2.442424982,24.88030478,213,
2023,3,T4,EC,2D,4,AAC_Brandon,99.38237307,197.6460778,11.55565097,2.264029054,25.00233333,223,
2023,3,T4,EC,2E,5,AAC_Brandon,88.58769248,183.8781641,11.46339794,2.997287558,24.97838549,214,
2023,3,T4,EC,3A,1,AAC_Concord,125.2027926,283.2777035,15.91664001,2.898241197,25.00203077,320,
2023,3,T4,EC,3B,2,AAC_Concord,93.55881079,208.6341839,12.37724298,5.461638582,24.92025048,215,
2023,3,T4,EC,3C,3,AAC_Concord,121.1385953,235.940946,12.77221238,4.23534139,24.996475,224,
2023,3,T4,EC,3D,4,AAC_Concord,71.5476023,163.0814186,10.66660435,12.02988587,24.99933093,216,
2023,3,T4,EC,3E,5,AAC_Concord,115.2410902,265.9693183,15.20198446,3.952914357,24.99737058,140,
2023,3,T4,EC,4A,1,AAC_Goodwin,121.3860921,257.5656254,14.40707278,1.581224056,24.99914167,225,
2023,3,T4,EC,4B,2,AAC_Goodwin,89.18342233,195.7645153,12.73770511,4.520506156,25.07778645,208,
2023,3,T4,EC,4C,3,AAC_Goodwin,75.87798434,178.2239964,11.75776765,7.146589267,24.93706953,217,
2023,3,T4,EC,4D,4,AAC_Goodwin,109.7536785,233.4165489,13.48443246,2.365290541,24.98944545,226,
2023,3,T4,EC,4E,5,AAC_Goodwin,87.65949176,201.2862314,13.03072516,3.91572114,24.93902928,218,
2023,3,T4,EC,5A,1,AAC_Grainland,129.4491133,199.0034905,12.37326364,2.11569106,25.00557692,415,
2023,3,T4,EC,5B,2,AAC_Grainland,102.3254086,206.6383412,12.4675608,3.036874756,24.93001923,407,
2023,3,T4,EC,5C,3,AAC_Grainland,128.0196839,205.4908243,12.96471225,2.706577321,24.99724615,416,
2023,3,T4,EC,5D,4,AAC_Grainland,103.7558203,170.5559804,11.30262549,3.012970877,25.07172746,408,
2023,3,T4,EC,5E,5,AAC_Grainland,87.80940799,139.3791102,9.33126528,2.20980199,24.91852056,428,
2023,3,T4,EC,6A,1,AAC_Hodge,104.3892072,213.7377758,13.04341883,2.176615792,24.99546923,99,
2023,3,T4,EC,6B,2,AAC_Hodge,99.92370016,206.0213696,12.72989113,2.485857978,24.96510696,89,
2023,3,T4,EC,6C,3,AAC_Hodge,126.3488804,257.5121125,14.59845119,1.768884307,24.99945385,77,
2023,3,T4,EC,6D,4,AAC_Hodge,130.189121,229.4682688,14.33978068,2.18402476,25.00461538,135,
2023,3,T4,EC,6E,5,AAC_Hodge,94.56125271,200.034554,13.6984474,3.403104041,24.89870952,112,
2023,3,T4,EC,7A,1,AAC_Leroy,80.40932976,172.08961,11.48137284,3.044881886,25.05741801,167,
2023,3,T4,EC,7B,2,AAC_Leroy,121.4617563,251.9328953,14.1058781,1.817755924,24.99650769,243,
2023,3,T4,EC,7C,3,AAC_Leroy,93.23987996,188.917371,12.00298953,2.340531845,24.93574275,234,
2023,3,T4,EC,7D,4,AAC_Leroy,103.9946253,254.0307072,14.82305375,5.316296529,25.01910346,141,
2023,3,T4,EC,7E,5,AAC_Leroy,97.01476304,231.1850178,14.07070104,4.688429432,24.91242055,142,
2023,3,T4,EC,8A,1,AAC_Magnet,129.4306142,254.5439167,14.19829977,1.109198172,25.00024167,154,
2023,3,T4,EC,8B,2,AAC_Magnet,104.0613801,216.6187434,13.15611238,1.781151228,24.99937692,68,
2023,3,T4,EC,8C,3,AAC_Magnet,106.5247127,238.3433328,14.93728483,3.368962081,25.08124102,110,
2023,3,T4,EC,8D,4,AAC_Magnet,119.1318994,226.0867615,13.14058854,2.002314625,24.99723077,105,
2023,3,T4,EC,8E,5,AAC_Magnet,91.74637423,213.6184748,13.04518581,6.546339195,24.8999251,55,
2023,3,T4,EC,9A,1,AAC_Prevail,102.9356389,214.8608979,13.32723639,2.577032639,24.99066923,10,
2023,3,T4,EC,9B,2,AAC_Prevail,149.8045953,317.8149765,16.8670976,2.848035467,25.00276154,155,
2023,3,T4,EC,9C,3,AAC_Prevail,99.17678967,215.25506,12.91473641,4.080342979,24.9102256,235,
2023,3,T4,EC,9D,4,AAC_Prevail,106.9198302,202.9860478,12.04024146,1.547771502,24.9939,397,
2023,3,T4,EC,9E,5,AAC_Prevail,148.6406296,380.7066522,18.51969185,6.994007757,25.00115,246,
2023,3,T4,EC,10A,1,AAC_Warman,106.5172942,238.7045326,14.22181409,2.238087025,24.8855317,236,
2023,3,T4,EC,10B,2,AAC_Warman,98.85781615,247.532411,16.05481753,2.744551398,24.91799273,143,
2023,3,T4,EC,10C,3,AAC_Warman,147.6871762,311.2149151,16.59709004,2.453227968,25.00185385,156,
2023,3,T4,EC,10D,4,AAC_Warman,138.6443014,246.420522,15.11284183,2.132066455,24.98769231,161,
2023,3,T4,EC,10E,5,AAC_Warman,102.6970202,246.962713,14.56089875,4.254206595,24.98234558,144,
2023,3,T4,EC,11A,1,AAC_Wheatland,94.65804531,213.6353816,13.3791077,3.599730675,24.89916556,145,
2023,3,T4,EC,11B,2,AAC_Wheatland,98.52295822,239.790572,14.92637762,2.815142009,24.96270834,146,
2023,3,T4,EC,11C,3,AAC_Wheatland,84.78121239,203.3847937,12.75858349,9.084544531,24.95646204,147,
2023,3,T4,EC,11D,4,AAC_Wheatland,116.0434374,237.77634,14.09571174,2.839176177,25.00067692,157,
2023,3,T4,EC,11E,5,AAC_Wheatland,110.1329182,239.9445881,14.1305653,1.965702748,24.99611538,158,
2023,3,T4,EC,12A,1,BW1094,84.9493444,212.7365283,13.32147091,14.88999205,24.89751829,148,
2023,3,T4,EC,12B,2,BW1094,173.0642337,236.6767169,14.4577247,2.455437036,24.99769231,162,
2023,3,T4,EC,12C,3,BW1094,92.40090007,213.6595246,13.7538587,9.888489681,24.98987511,149,
2023,3,T4,EC,12D,4,BW1094,135.1006988,287.5445069,15.82841909,3.426529706,25.00231538,159,
2023,3,T4,EC,12E,5,BW1094,83.88438875,188.8826888,12.01186838,8.907277869,25.02465534,237,
2023,3,T4,EC,13A,1,BW5089,96.35340248,210.7538568,13.58143732,6.025635427,24.96020099,150,
2023,3,T4,EC,13B,2,BW5089,87.97129147,191.2449341,12.46040212,3.266722927,24.90883092,151,
2023,3,T4,EC,13C,3,BW5089,144.3900315,244.9523898,15.0916995,1.924737095,24.98666667,166,
2023,3,T4,EC,13D,4,BW5089,118.2674006,239.9063624,13.77718594,1.223115221,24.99509167,247,
2023,3,T4,EC,13E,5,BW5089,132.9267812,296.0079146,16.39772975,2.01934027,24.98994615,160,
2023,3,T4,EC,14A,1,DT2016,89.65960775,208.5409543,13.68541336,5.703845705,24.87846906,152,
2023,3,T4,EC,14B,2,DT2016,95.26342518,191.051936,12.46302353,2.556316332,24.93094033,493,
2023,3,T4,EC,14C,3,DT2016,107.4688,199.1953307,12.42179759,2.105487451,25.00360769,500,
2023,3,T4,EC,14D,4,DT2016,77.52477853,161.0705914,10.39252187,2.771978814,24.8891559,494,
2023,3,T4,EC,14E,5,DT2016,113.2938435,212.1542244,12.93711826,1.473190129,25.00227692,501,
2023,3,T4,EC,15A,1,DT2030,106.5417108,226.3171713,13.93224355,2.084043951,25.03902875,495,
2023,3,T4,EC,15B,2,DT2030,92.48316062,187.185844,11.48707997,2.534604472,24.91356028,451,
2023,3,T4,EC,15C,3,DT2030,88.74470683,183.168789,12.19545303,2.487931027,24.92914728,452,
2023,3,T4,EC,15D,4,DT2030,75.25126624,151.211949,10.38446417,2.495200005,24.91135201,458,
2023,3,T4,EC,15E,5,DT2030,97.20866556,181.9628185,11.13630464,1.855074187,24.99961538,464,
2023,3,T4,EC,16A,1,HY2136,71.60132014,153.5511929,10.57657822,2.108801242,24.92788462,459,
2023,3,T4,EC,16B,2,HY2136,80.95711864,181.6806455,11.55233019,6.10584063,24.98296888,238,
2023,3,T4,EC,16C,3,HY2136,103.7001709,240.0355059,15.07531061,3.535315311,25.12302085,153,
2023,3,T4,EC,16D,4,HY2136,188.4009535,253.9392743,14.67525272,3.517196466,24.99923077,189,
2023,3,T4,EC,16E,5,HY2136,144.0355222,302.8208888,15.80010578,2.772820497,24.99874615,248,
2023,3,T4,EC,17A,1,PT4002,106.3337415,226.5007167,13.59102277,2.090911717,25.00584837,239,
2023,3,T4,EC,17B,2,PT4002,115.0020388,221.1107293,12.48954186,1.67406598,24.99981538,184,
2023,3,T4,EC,17C,3,PT4002,158.7367259,211.9588668,13.3774289,2.023591664,24.97846154,228,
2023,3,T4,EC,17D,4,PT4002,89.20071804,198.5260818,11.82736133,4.012541236,24.86657715,175,
2023,3,T4,EC,17E,5,PT4002,89.62048479,,11.31820462,6.478894454,24.98488399,176,
2023,3,T4,EC,18A,1,Stettler,149.9907354,181.0506233,11.30446553,2.087407426,24.96230769,251,
2023,3,T4,EC,18B,2,Stettler,122.558246,250.9924143,14.0825216,1.734151566,25.00663333,249,
2023,3,T4,EC,18C,3,Stettler,91.162184,213.5684093,13.17540155,6.690852545,24.91307163,240,
2023,3,T4,EC,18D,4,Stettler,80.21324562,191.619837,12.13373651,9.158053509,24.91384343,241,
2023,3,T4,EC,18E,5,Stettler,144.5377057,185.3811034,11.38221658,2.169607324,24.94692308,252,
2023,3,T4,EC,19A,1,Strongfield,74.88575119,145.6160004,9.679831343,2.166022947,24.88751382,528,
2023,3,T4,EC,19B,2,Strongfield,105.3195941,220.9359726,12.51526897,2.232374314,24.95617984,529,
2023,3,T4,EC,19C,3,Strongfield,107.1880629,171.8605661,10.9837772,2.396501544,25.00402738,536,
2023,3,T4,EC,19D,4,Strongfield,67.59964406,131.9444463,NA,2.050484626,24.99149117,530,
2023,3,T4,EC,19E,5,Strongfield,63.91996556,108.6563544,NA,2.513364498,24.90097882,531,
2023,3,T4,EC,20A,1,Transcend,122.9042311,202.2112253,11.95150126,1.808989872,24.99556842,537,
2023,3,T4,EC,20B,2,Transcend,97.19910042,196.2449533,12.74871681,2.814666225,24.9178615,532,
2023,3,T4,EC,20C,3,Transcend,85.85190861,139.8022753,NA,2.10887399,24.94472049,538,
2023,3,T4,EC,20D,4,Transcend,105.3965571,154.9910935,9.634132855,2.161794754,25.00165902,545,
2023,3,T4,EC,20E,5,Transcend,77.41063273,125.8158651,8.775549663,2.514906245,24.9474747,539,
2023,2,T8,AC,1A,1,A1614_KE07,121.4891219,188.0603583,9.761773252,2.232818763,24.99649271,546,
2023,2,T8,AC,1B,2,A1614_KE07,86.55131355,144.2615416,9.654675408,2.521762386,24.95667634,540,
2023,2,T8,AC,1C,3,A1614_KE07,82.0745898,137.5916924,9.298259516,2.083906171,24.91151105,541,
2023,2,T8,AC,1D,4,A1614_KE07,95.38518665,141.7394732,8.473927142,2.161547856,24.99995959,547,
2023,2,T8,AC,1E,5,A1614_KE07,93.06337214,180.3996398,11.0423506,2.608128331,24.90355095,542,
2023,2,T8,AC,2A,1,AAC_Brandon,111.5980274,256.3443783,15.16378325,2.138807123,24.97375229,111,
2023,2,T8,AC,2B,2,AAC_Brandon,107.5590955,228.0336619,13.54110537,2.206402922,24.99997692,123,
2023,2,T8,AC,2C,3,AAC_Brandon,123.4287879,253.189822,14.30218317,2.558019134,24.99459231,52,
2023,2,T8,AC,2D,4,AAC_Brandon,58.84452533,125.7437796,NA,1.247090297,24.90650881,409,
2023,2,T8,AC,2E,5,AAC_Brandon,173.9922503,236.7347784,14.58849578,2.330159569,25.02384615,190,
2023,2,T8,AC,3A,1,AAC_Concord,167.0775991,270.3866457,15.05518803,4.012910365,25.00676923,78,
2023,2,T8,AC,3B,2,AAC_Concord,131.0871116,235.7644829,14.26176876,3.092790959,24.58666923,69,
2023,2,T8,AC,3C,3,AAC_Concord,120.6725401,258.5007752,14.54578815,3.584375265,25.08590596,56,
2023,2,T8,AC,3D,4,AAC_Concord,156.476248,327.8277854,16.61946236,3.545561483,25.00054615,131,
2023,2,T8,AC,3E,5,AAC_Concord,110.3795248,240.1744359,14.66365706,2.054121134,25.00312308,70,
2023,2,T8,AC,4A,1,AAC_Goodwin,97.76084232,243.7373333,14.78986845,6.556761933,24.94107246,114,
2023,2,T8,AC,4B,2,AAC_Goodwin,111.393536,247.6031377,15.96866289,4.744501216,25.04946477,34,
2023,2,T8,AC,4C,3,AAC_Goodwin,108.68846,225.0057622,13.58586228,2.276440888,25.00082308,43,
2023,2,T8,AC,4D,4,AAC_Goodwin,121.0828134,276.8475623,15.46172502,2.578774743,24.99464615,125,
2023,2,T8,AC,4E,5,AAC_Goodwin,101.6764228,250.0072385,15.2300675,4.926015113,24.99077238,115,
2023,2,T8,AC,5A,1,AAC_Grainland,115.3450156,219.021505,12.26496562,4.436366479,25.00167692,418,
2023,2,T8,AC,5B,2,AAC_Grainland,124.4907032,211.3412057,13.10358256,2.61880886,25.06097001,410,
2023,2,T8,AC,5C,3,AAC_Grainland,132.0800439,205.9517374,12.07353733,2.670279291,24.99318462,419,
2023,2,T8,AC,5D,4,AAC_Grainland,109.6742016,255.5731313,14.11689591,5.070587406,24.95981657,411,
2023,2,T8,AC,5E,5,AAC_Grainland,115.6594386,192.3185746,12.6272925,3.673850961,24.91198598,412,
2023,2,T8,AC,6A,1,AAC_Hodge,102.3137616,269.083811,NA,7.574483267,24.89529037,23,
2023,2,T8,AC,6B,2,AAC_Hodge,93.33403881,227.385657,14.56720291,11.21324162,24.94480487,17,
2023,2,T8,AC,6C,3,AAC_Hodge,115.6680148,252.340325,15.1243911,2.433817902,24.99929231,44,
2023,2,T8,AC,6D,4,AAC_Hodge,132.727957,272.5364719,15.7117796,1.457814412,24.9993,27,
2023,2,T8,AC,6E,5,AAC_Hodge,115.9503329,307.1783735,NA,4.701737065,24.94521822,24,
2023,2,T8,AC,7A,1,AAC_Leroy,129.195729,245.7355638,14.32071144,4.02783673,25.00136154,53,
2023,2,T8,AC,7B,2,AAC_Leroy,102.5684353,252.4355324,15.43716042,12.38728143,24.89835235,57,
2023,2,T8,AC,7C,3,AAC_Leroy,137.8648789,276.4521113,15.65102312,3.013485828,25.00366154,79,
2023,2,T8,AC,7D,4,AAC_Leroy,89.37352072,208.3494975,13.05675577,10.32319135,24.99494049,58,
2023,2,T8,AC,7E,5,AAC_Leroy,118.1160069,249.9785959,14.67966827,3.505920879,24.99580769,45,
2023,2,T8,AC,8A,1,AAC_Magnet,92.5292103,231.2471403,14.51887797,17.18955583,25.08286926,18,
2023,2,T8,AC,8B,2,AAC_Magnet,119.1622433,299.1600958,17.72213499,2.655178742,24.9899581,6,
2023,2,T8,AC,8C,3,AAC_Magnet,92.94338647,202.1035565,13.24842165,2.99924716,24.90259083,1,
2023,2,T8,AC,8D,4,AAC_Magnet,124.8160578,334.5117013,NA,1.64499187,24.95655295,7,
2023,2,T8,AC,8E,5,AAC_Magnet,132.971101,272.6788229,14.89225703,2.736945982,25.0014,14,
2023,2,T8,AC,9A,1,AAC_Prevail,117.1887986,248.1879765,14.71500731,2.557653611,24.99545385,71,
2023,2,T8,AC,9B,2,AAC_Prevail,103.0997795,231.2334852,14.01345643,9.711532926,25.03621605,59,
2023,2,T8,AC,9C,3,AAC_Prevail,156.8488231,341.757358,17.65994432,2.12383901,25.00092308,80,
2023,2,T8,AC,9D,4,AAC_Prevail,120.3427101,262.5200715,15.2825217,3.358563325,24.99752308,72,
2023,2,T8,AC,9E,5,AAC_Prevail,98.46989991,206.398245,13.49455739,4.068909906,24.96972397,60,
2023,2,T8,AC,10A,1,AAC_Warman,125.974828,290.7811695,16.74605986,2.015558291,24.99971538,11,
2023,2,T8,AC,10B,2,AAC_Warman,106.3720657,219.3632058,14.29980224,3.465322235,24.9302107,2,
2023,2,T8,AC,10C,3,AAC_Warman,109.8762412,228.7138912,14.07486069,2.675338954,24.99857692,29,
2023,2,T8,AC,10D,4,AAC_Warman,137.8001374,277.1107277,15.28139873,3.198642577,24.99339231,16,
2023,2,T8,AC,10E,5,AAC_Warman,101.8233244,216.5604237,13.84045315,4.273070943,24.9302955,3,
2023,2,T8,AC,11A,1,AAC_Wheatland,124.6349701,328.5317714,NA,2.347491838,24.92221788,8,
2023,2,T8,AC,11B,2,AAC_Wheatland,112.381204,230.6440022,14.3002795,2.469578532,24.99794615,46,
2023,2,T8,AC,11C,3,AAC_Wheatland,125.526865,247.1314808,13.60459417,2.509139269,25.00493846,185,
2023,2,T8,AC,11D,4,AAC_Wheatland,92.86650749,213.22535,13.75880781,6.897723462,25.06161935,35,
2023,2,T8,AC,11E,5,AAC_Wheatland,116.4286926,261.2220627,15.22441689,2.89902676,24.99963077,47,
2023,2,T8,AC,12A,1,BW1094,93.88971527,208.3072826,12.97909722,6.960030951,25.05274582,61,
2023,2,T8,AC,12B,2,BW1094,120.0950923,266.4746368,14.56970004,4.814151745,25.0600823,62,
2023,2,T8,AC,12C,3,BW1094,130.319852,263.0802342,14.72853752,2.032489404,24.99559231,50,
2023,2,T8,AC,12D,4,BW1094,109.9239668,252.2427659,16.23993907,3.67120348,24.95166874,25,
2023,2,T8,AC,12E,5,BW1094,99.06610752,206.8264216,13.58103152,2.158755476,24.96779589,4,
2023,2,T8,AC,13A,1,BW5089,87.41532059,215.3697726,13.79390898,12.92826671,24.98472922,36,
2023,2,T8,AC,13B,2,BW5089,148.4538819,291.2576553,16.06546911,3.036153772,25.00615385,136,
2023,2,T8,AC,13C,3,BW5089,88.06814904,181.626562,11.44558549,1.140093118,24.99998462,12,
2023,2,T8,AC,13D,4,BW5089,123.200488,232.7120487,13.74578498,2.463421749,24.99998462,132,
2023,2,T8,AC,13E,5,BW5089,89.3049262,219.773995,NA,17.21858366,25.02161407,37,
2023,2,T8,AC,14A,1,DT2016,116.6648207,208.5964916,11.940424,2.285297876,24.99538545,557,
2023,2,T8,AC,14B,2,DT2016,104.5684614,208.862927,12.45287841,2.109242852,24.89803872,550,
2023,2,T8,AC,14C,3,DT2016,106.917581,197.0048751,11.39007011,2.247147268,24.99881379,558,
2023,2,T8,AC,14D,4,DT2016,88.45973279,175.1228985,NA,2.481496872,25.02774033,551,
2023,2,T8,AC,14E,5,DT2016,102.0905642,215.0340239,12.9169974,2.8025128,25.05643625,552,
2023,2,T8,AC,15A,1,DT2030,122.7783878,240.6738958,14.95240921,2.726650127,24.99738462,467,
2023,2,T8,AC,15B,2,DT2030,91.469335,177.7766594,11.97974313,3.042832306,24.87425628,460,
2023,2,T8,AC,15C,3,DT2030,102.7153835,209.3975796,13.55980054,3.358783061,24.87807978,461,
2023,2,T8,AC,15D,4,DT2030,101.1513009,163.5648447,10.43148805,2.332177227,24.99746923,468,
2023,2,T8,AC,15E,5,DT2030,111.0981604,187.537028,12.52730641,3.60926661,24.89170603,462,
2023,2,T8,AC,16A,1,HY2136,112.102219,256.2766266,15.05959136,3.916490975,24.99331577,116,Measured on 6400NPAH
2023,2,T8,AC,16A,1,HY2136,163.2113985,303.1786985,16.60393838,3.304055559,25.00538462,137,Measured on GFS3000
2023,2,T8,AC,16B,2,HY2136,105.9572768,244.9710169,14.51544425,6.658168216,24.93107905,38,
2023,2,T8,AC,16C,3,HY2136,90.44338801,210.4166478,12.87346899,9.131683654,24.97721045,39,
2023,2,T8,AC,16D,4,HY2136,89.08263064,195.9184955,12.8828848,3.81139576,24.95606804,19,
2023,2,T8,AC,16E,5,HY2136,101.2250609,221.1990431,14.29445091,4.284203701,24.87953172,63,
2023,2,T8,AC,17A,1,PT4002,133.6455996,327.5577647,17.27357792,3.309860668,24.9876084,64,
2023,2,T8,AC,17B,2,PT4002,112.4673162,232.8766478,14.28143861,2.407471616,24.99976154,73,
2023,2,T8,AC,17C,3,PT4002,113.5769962,235.4357515,14.09290527,3.107014206,24.99696154,30,
2023,2,T8,AC,17D,4,PT4002,93.38390976,234.2923258,NA,11.19211392,25.08849376,20,
2023,2,T8,AC,17E,5,PT4002,131.0765874,264.1058503,14.84103496,4.382929272,24.99463077,33,
2023,2,T8,AC,18A,1,Stettler,98.101117,219.5159787,13.46890424,4.964544442,25.07867842,177,
2023,2,T8,AC,18B,2,Stettler,99.59590429,253.2679887,15.02008581,11.9373998,25.00537573,113,
2023,2,T8,AC,18C,3,Stettler,92.34937888,170.0187323,10.22647882,2.627771116,25.003,398,
2023,2,T8,AC,18D,4,Stettler,104.1376523,214.7755386,13.24631286,2.22725275,24.99541538,126,
2023,2,T8,AC,18E,5,Stettler,72.78100816,149.7825104,9.541047387,1.304603549,24.950623,392,
2023,2,T8,AC,19A,1,Strongfield,83.73558396,154.9729539,9.293432661,1.881735235,24.99761775,548,
2023,2,T8,AC,19B,2,Strongfield,78.91041002,153.7396411,10.03407765,2.558954613,24.90701895,543,
2023,2,T8,AC,19C,3,Strongfield,93.19591464,176.7760882,11.83270231,2.850917652,24.95063503,544,
2023,2,T8,AC,19D,4,Strongfield,99.51858389,156.326589,10.2530345,2.089374249,25.00102795,549,
2023,2,T8,AC,19E,5,Strongfield,92.40230137,155.7009484,NA,2.536477563,24.87691571,553,
2023,2,T8,AC,20A,1,Transcend,134.5824167,207.6371975,12.06082896,1.851308944,25.00217988,559,
2023,2,T8,AC,20B,2,Transcend,107.7736684,218.9533259,13.38230061,3.255159058,25.07420863,554,
2023,2,T8,AC,20C,3,Transcend,112.1894996,231.429731,13.2388046,3.474034057,25.04875183,555,
2023,2,T8,AC,20D,4,Transcend,147.6807335,240.4318301,12.83173839,2.53521831,25.00014928,560,
2023,2,T8,AC,20E,5,Transcend,117.9192974,196.7683438,12.00846189,2.780353207,24.93390964,556,
2023,1,T8,EC,2A,1,AAC_Brandon,,,,,,,
2023,1,T8,EC,2B,2,AAC_Brandon,133.9296026,225.8942718,14.24128093,2.055026878,24.98076923,163,
2023,1,T8,EC,2C,3,AAC_Brandon,,,,,,,
2023,1,T8,EC,2D,4,AAC_Brandon,,,,,,,
2023,1,T8,EC,2E,5,AAC_Brandon,,,,,,,
2023,1,T8,EC,3A,1,AAC_Concord,133.6292023,266.7135944,14.43500675,2.932822382,25.00033077,133,
2023,1,T8,EC,3B,2,AAC_Concord,98.90261997,189.3000467,11.60825945,1.309695362,24.99106667,31,
2023,1,T8,EC,3C,3,AAC_Concord,149.4857404,285.522113,15.37121389,2.736595212,25.00264615,51,
2023,1,T8,EC,3D,4,AAC_Concord,99.2494244,215.5792376,12.57429578,5.288305995,24.95027447,40,
2023,1,T8,EC,3E,5,AAC_Concord,167.2483877,285.5112864,15.62587752,3.784906541,24.99639231,81,
2023,1,T8,EC,4A,1,AAC_Goodwin,86.28350485,191.4833418,11.52725239,6.413006152,24.95831544,90,
2023,1,T8,EC,4B,2,AAC_Goodwin,117.8664858,227.7487972,12.61629338,2.348889149,24.99853077,106,
2023,1,T8,EC,4C,3,AAC_Goodwin,111.4823386,253.2811032,14.99655897,2.418527402,25.09372308,74,
2023,1,T8,EC,4D,4,AAC_Goodwin,91.65176155,181.8636584,11.11164831,1.966988312,24.99860769,100,
2023,1,T8,EC,4E,5,AAC_Goodwin,91.24098182,206.4400143,12.26636475,4.326355528,24.88456549,65,
2023,1,T8,EC,5A,1,AAC_Grainland,,,,,,,
2023,1,T8,EC,5B,2,AAC_Grainland,,,,,,,
2023,1,T8,EC,5C,3,AAC_Grainland,,,,,,,
2023,1,T8,EC,5D,4,AAC_Grainland,,,,,,,
2023,1,T8,EC,5E,5,AAC_Grainland,,,,,,,
2023,1,T8,EC,6A,1,AAC_Hodge,118.7150046,300.3450269,NA,2.205563682,24.94633953,9,
2023,1,T8,EC,6B,2,AAC_Hodge,133.3337946,272.4438618,15.3921929,0.92106647,24.9964,28,
2023,1,T8,EC,6C,3,AAC_Hodge,120.9145909,253.7240028,14.66161992,2.527400372,24.99664615,15,
2023,1,T8,EC,6D,4,AAC_Hodge,96.09513881,213.7667659,NA,4.056797785,24.95104281,26,
2023,1,T8,EC,6E,5,AAC_Hodge,124.6312794,249.7312837,14.61432964,1.949032167,24.99662308,54,
2023,1,T8,EC,7A,1,AAC_Leroy,102.1488307,215.4796754,13.82276269,3.946743252,24.97145925,66,
2023,1,T8,EC,7B,2,AAC_Leroy,92.77648871,192.7849363,12.7428407,2.54719072,24.88522867,5,
2023,1,T8,EC,7C,3,AAC_Leroy,140.3496861,282.1233023,15.21059516,3.023829419,25.0027,82,
2023,1,T8,EC,7D,4,AAC_Leroy,102.3501216,242.1477602,14.48174173,4.943725582,25.00319399,117,
2023,1,T8,EC,7E,5,AAC_Leroy,112.6932171,241.8101824,13.89980789,3.138490065,24.99695385,127,
2023,1,T8,EC,8A,1,AAC_Magnet,106.0551574,223.2116835,13.48316814,1.856700019,24.99588462,48,
2023,1,T8,EC,8B,2,AAC_Magnet,81.48662569,209.2460322,12.94503461,15.38448298,24.88933563,21,
2023,1,T8,EC,8C,3,AAC_Magnet,93.58453132,203.1778074,12.65320051,3.20997661,24.98667853,22,
2023,1,T8,EC,8D,4,AAC_Magnet,101.6304682,213.3176866,12.75234845,2.495543004,24.85265385,75,
2023,1,T8,EC,8E,5,AAC_Magnet,95.05969273,249.4537964,14.82248693,14.58588166,24.887296,118,
2023,1,T8,EC,9A,1,AAC_Prevail,,,,,,,
2023,1,T8,EC,9B,2,AAC_Prevail,,,,,,,
2023,1,T8,EC,9C,3,AAC_Prevail,150.8881528,273.7460486,16.16455654,3.103426461,24.98846154,164,
2023,1,T8,EC,9D,4,AAC_Prevail,,,,,,,
2023,1,T8,EC,9E,5,AAC_Prevail,,,,,,,
2023,1,T8,EC,10A,1,AAC_Warman,98.73142275,200.6937404,12.37939828,3.258555542,24.98516923,13,
2023,1,T8,EC,10B,2,AAC_Warman,93.96620955,199.2661615,13.61423561,3.76759543,24.88324629,41,
2023,1,T8,EC,10C,3,AAC_Warman,104.3428263,211.0999364,12.6490348,2.658927093,24.99249231,32,
2023,1,T8,EC,10D,4,AAC_Warman,92.68316996,196.9166606,11.9182425,3.088324094,24.90596962,42,
2023,1,T8,EC,10E,5,AAC_Warman,69.49383527,150.9665377,9.471235788,2.57977309,24.98559526,313,
2023,1,T8,EC,11A,1,AAC_Wheatland,101.0728068,256.4089505,14.98216355,7.687141892,24.91398457,119,
2023,1,T8,EC,11B,2,AAC_Wheatland,129.6617646,233.7686724,14.08018569,2.531312884,25,165,
2023,1,T8,EC,11C,3,AAC_Wheatland,107.6345885,210.8640317,12.39221707,1.988603252,24.99978571,180,
2023,1,T8,EC,11D,4,AAC_Wheatland,132.1821757,228.6556007,14.17237959,2.559639987,25.00923077,138,
2023,1,T8,EC,11E,5,AAC_Wheatland,108.5114415,237.7272782,13.29836953,3.132818027,24.87004163,91,
2023,1,T8,EC,12A,1,BW1094,115.2426149,242.0463771,14.19046036,2.980126444,24.9896,101,
2023,1,T8,EC,12B,2,BW1094,79.96180737,182.8621554,11.84787431,13.67409425,24.94137069,92,
2023,1,T8,EC,12C,3,BW1094,128.9438858,253.7285518,14.2311249,1.856359818,24.99555385,130,
2023,1,T8,EC,12D,4,BW1094,98.47251448,211.5383011,12.52233681,2.281928767,25.00007984,120,
2023,1,T8,EC,12E,5,BW1094,123.1709588,269.0241672,15.23277757,2.802204148,24.99342308,128,
2023,1,T8,EC,13A,1,BW5089,110.1562161,234.9591646,13.84729514,2.009137272,24.99162308,102,
2023,1,T8,EC,13B,2,BW5089,90.3752034,188.928054,12.38550807,3.482815583,24.9466268,93,
2023,1,T8,EC,13C,3,BW5089,145.7025293,276.3430163,16.38158875,3.212656438,25.00076923,139,
2023,1,T8,EC,13D,4,BW5089,137.5537225,279.2831387,15.21241271,2.439946631,25.00173846,134,
2023,1,T8,EC,13E,5,BW5089,131.7910354,266.3397135,14.90983289,2.040247979,24.99290769,109,
2023,1,T8,EC,14A,1,DT2016,,,,,,,
2023,1,T8,EC,14B,2,DT2016,,,,,,,
2023,1,T8,EC,14C,3,DT2016,,,,,,,
2023,1,T8,EC,14D,4,DT2016,,,,,,,
2023,1,T8,EC,14E,5,DT2016,,,,,,,
2023,1,T8,EC,15A,1,DT2030,,,,,,,
2023,1,T8,EC,15B,2,DT2030,,,,,,,
2023,1,T8,EC,15C,3,DT2030,,,,,,,
2023,1,T8,EC,15D,4,DT2030,,,,,,,
2023,1,T8,EC,15E,5,DT2030,,,,,,,
2023,1,T8,EC,16A,1,HY2136,102.6054133,217.6945416,13.8550336,3.783216577,24.94584165,94,
2023,1,T8,EC,16B,2,HY2136,100.867869,233.953701,14.74517095,4.81330591,24.91488743,121,
2023,1,T8,EC,16C,3,HY2136,109.7792737,224.3609149,13.70340365,3.280500179,24.99448462,103,
2023,1,T8,EC,16D,4,HY2136,94.87641448,220.8344605,12.89926554,7.919574235,24.94859396,67,
2023,1,T8,EC,16E,5,HY2136,112.0593427,234.8758931,13.88316385,3.08808908,24.99473846,129,
2023,1,T8,EC,17A,1,PT4002,98.539539,215.0009523,14.50903177,3.438269429,24.98163087,95,
2023,1,T8,EC,17B,2,PT4002,107.738774,241.9426854,14.29099909,3.155698052,24.33752308,76,
2023,1,T8,EC,17C,3,PT4002,93.15876594,220.1201821,13.57355768,7.760775981,25.07266372,122,
2023,1,T8,EC,17D,4,PT4002,126.2754139,280.3359232,15.94169724,1.970066645,25.00133846,49,
2023,1,T8,EC,17E,5,PT4002,91.55638022,198.3722289,12.76656895,2.089285379,25.00743077,124,
2023,1,T8,EC,18A,1,Stettler,,,,,,,
2023,1,T8,EC,18B,2,Stettler,87.33103706,185.5725247,11.36203254,4.028831814,25.02381461,178,
2023,1,T8,EC,18C,3,Stettler,86.79719369,187.3007897,11.96944137,3.697805947,24.87788595,179,
2023,1,T8,EC,18D,4,Stettler,,,,,,,
2023,1,T8,EC,18E,5,Stettler,,,,,,,
2023,1,T8,EC,19A,1,Strongfield,,,,,,,
2023,1,T8,EC,19B,2,Strongfield,,,,,,,
2023,1,T8,EC,19C,3,Strongfield,,,,,,,
2023,1,T8,EC,19D,4,Strongfield,,,,,,,
2023,1,T8,EC,19E,5,Strongfield,,,,,,,
2023,1,T8,EC,20A,1,Transcend,,,,,,,
2023,1,T8,EC,20B,2,Transcend,,,,,,,
2023,1,T8,EC,20C,3,Transcend,,,,,,,
2023,1,T8,EC,20D,4,Transcend,,,,,,,
2023,1,T8,EC,20E,5,Transcend,,,,,,,